{"type":"Topology","arcs":[[[42322848749,0],[-2579350863,3915602884]],[[39743497886,3915602884],[4535358601,1858588531]],[[44278856487,5774191415],[-1956007738,-5774191415]],[[99999999999,9861763344],[-5180196317,244725180]],[[94819803682,10106488524],[-429891811,4477809379]],[[94389911871,14584297903],[3116715627,4067729347],[-4413555922,10390898869]],[[93093071576,29042926119],[4406391058,-1084727826],[2500537365,-18096434949]],[[39743497886,3915602884],[-9063552339,7354983795]],[[30679945547,11270586679],[8196603854,-502678749],[5402307086,-4993716515]],[[13491437988,80878364970],[-4649996418,46299359]],[[8841441570,80924664329],[207781042,4993716515]],[[9049222612,85918380844],[4392061331,10390898869]],[[13441283943,96309279713],[50154045,-15430914743]],[[10295908863,59289635557],[-300924268,-7507110258]],[[9994984595,51782525299],[-7365479687,5324426218]],[[2629504908,57106951517],[7186358100,3154970567]],[[9815863008,60261922084],[480045855,-972286527]],[[8841441570,80924664329],[164791861,-15219260533]],[[9006233431,65705403796],[-6792290607,3346782194]],[[2213942824,69052185990],[1325499750,16403201270]],[[3539442574,85455387260],[5509780038,462993584]],[[9815863008,60261922084],[57318908,1964415636]],[[9873181916,62226337720],[680662033,-568820689]],[[10553843949,61657517031],[752310669,-1388980753]],[[11306154618,60268536278],[-1010245755,-978900721]],[[10553843949,61657517031],[6498531203,1898273695]],[[17052375152,63555790726],[4850612596,-16046034790],[-5753385398,-2605992460]],[[16149602350,44903763476],[-28659454,6958132151],[-4814788278,8406640651]],[[16149602350,44903763476],[-6154617755,6878761823]],[[3539442574,85455387260],[257935086,11442555725],[5939671849,3102057014],[3704234434,-3690720286]],[[2629504908,57106951517],[-2629504908,6991203122],[2213942824,4954031351]],[[9006233431,65705403796],[866948485,-3479066076]],[[99999999999,9861763344],[-4936590958,-4127257094]],[[95063409041,5734506250],[-243605359,4371982274]],[[93143225621,16978636153],[-10697141220,1250082677]],[[82446084401,18228718830],[9572257649,4801904888]],[[92018342050,23030623718],[1124883571,-6051987565]],[[42322848749,0],[-7931503904,1653548515],[-3711399298,9617038164]],[[13491437988,80878364970],[-1046070072,-5099543620],[4607007236,-12223030624]],[[94389911871,14584297903],[-1246686250,2394338250]],[[92018342050,23030623718],[1074729526,6012302401]],[[95063409041,5734506250],[-12617324640,12494212580]]],"transform":{"scale":[1.2946347016503666e-11,1.0145275017460579e-11],"translate":[43.22991842635719,-12.380358345543016]},"objects":{"COM":{"type":"GeometryCollection","geometries":[{"arcs":[[0,1,2]],"type":"Polygon","properties":{"name":"Djando","shapeID":"10938185B40324679711407","shapeGroup":"COM","shapeType":"ADM2"}},{"arcs":[[3,4,5,6]],"type":"Polygon","properties":{"name":"Domoni","shapeID":"10938185B46205003288802","shapeGroup":"COM","shapeType":"ADM2"}},{"arcs":[[-2,7,8]],"type":"Polygon","properties":{"name":"Fomboni","shapeID":"10938185B27807193603221","shapeGroup":"COM","shapeType":"ADM2"}},{"arcs":[[9,10,11,12]],"type":"Polygon","properties":{"name":"Hamahamet-Mboinkou","shapeID":"10938185B84892697913667","shapeGroup":"COM","shapeType":"ADM2"}},{"arcs":[[13,14,15,16]],"type":"Polygon","properties":{"name":"Hambou","shapeID":"10938185B9451867804410","shapeGroup":"COM","shapeType":"ADM2"}},{"arcs":[[-11,17,18,19,20]],"type":"Polygon","properties":{"name":"Itsandra-Hamanvou","shapeID":"10938185B9075835971745","shapeGroup":"COM","shapeType":"ADM2"}},{"arcs":[[-17,21,22,23,24]],"type":"Polygon","properties":{"name":"Kartala","shapeID":"10938185B71504599940182","shapeGroup":"COM","shapeType":"ADM2"}},{"arcs":[[-24,25,26,27]],"type":"Polygon","properties":{"name":"Mbadjini Est","shapeID":"10938185B69014433357808","shapeGroup":"COM","shapeType":"ADM2"}},{"arcs":[[-14,-25,-28,28]],"type":"Polygon","properties":{"name":"Mbadjini Ouest","shapeID":"10938185B78720089166465","shapeGroup":"COM","shapeType":"ADM2"}},{"arcs":[[-12,-21,29]],"type":"Polygon","properties":{"name":"Mitsamiouli-Mboudé","shapeID":"10938185B65323488971472","shapeGroup":"COM","shapeType":"ADM2"}},{"arcs":[[-16,30,-19,31,-22]],"type":"Polygon","properties":{"name":"Moroni-Bambao","shapeID":"10938185B31242047903064","shapeGroup":"COM","shapeType":"ADM2"}},{"arcs":[[-4,32,33]],"type":"Polygon","properties":{"name":"Mrémani","shapeID":"10938185B15897012434416","shapeGroup":"COM","shapeType":"ADM2"}},{"arcs":[[34,35,36]],"type":"Polygon","properties":{"name":"Mutsamudu","shapeID":"10938185B53517385133163","shapeGroup":"COM","shapeType":"ADM2"}},{"arcs":[[-1,37,-8]],"type":"Polygon","properties":{"name":"Nioumachioi","shapeID":"10938185B27341408933573","shapeGroup":"COM","shapeType":"ADM2"}},{"arcs":[[-10,38,-26,-23,-32,-18]],"type":"Polygon","properties":{"name":"Oichili-Dimani","shapeID":"10938185B93898015371155","shapeGroup":"COM","shapeType":"ADM2"}},{"arcs":[[-6,39,-37,40]],"type":"Polygon","properties":{"name":"Ouani","shapeID":"10938185B27444779644799","shapeGroup":"COM","shapeType":"ADM2"}},{"arcs":[[-5,-34,41,-35,-40]],"type":"Polygon","properties":{"name":"Sima","shapeID":"10938185B11838066868074","shapeGroup":"COM","shapeType":"ADM2"}}]}}}