{"type":"Topology","arcs":[[[41016548226,0],[-2637771440,3917601732]],[[38378776786,3917601732],[4636981881,1854808996]],[[43015758667,5772410728],[-1999210441,-5772410728]],[[99999999999,9860065857],[-5294871727,246705352]],[[94705128272,10106771209],[-442196596,4478668308]],[[94262931676,14585439517],[3189613495,4065853296],[-4519732996,10387383653]],[[92932812175,29038676466],[4509167120,-1080284689],[2558020704,-18098325920]],[[38378776786,3917601732],[-9268276346,7350236340]],[[29110500440,11267838072],[8378833440,-502221300],[5526424787,-4993206044]],[[11535279040,80877537289],[-4762815960,48398321]],[[6772463080,80925935610],[216990719,4990448523]],[[6989453799,85916384133],[4489521686,10396343351]],[[11478975485,96312727484],[56303555,-15435190195]],[[8263198013,59287253033],[-307306453,-7506995787]],[[7955891560,51780257246],[-7535640244,5328972745]],[[420251316,57109229991],[7352565049,3155057998]],[[7772816365,60264287989],[490381648,-977034956]],[[6772463080,80925935610],[175204010,-15220335711]],[[6947667090,65705599899],[-6947667090,3344585468]],[[0,69050185367],[1354938491,16401403595]],[[1354938491,85451588962],[5634515308,464795171]],[[7772816365,60264287989],[55610290,1961659873]],[[7828426655,62225947862],[697577374,-566684217]],[[8526004029,61659263645],[769381001,-1393891376]],[[9295385030,60265372269],[-1032187017,-978119236]],[[8526004029,61659263645],[6649458242,1896603066]],[[15175462271,63555866711],[4958557862,-16049514289],[-5885935480,-2602197785]],[[14248084653,44904154637],[-27871298,6953906748],[-4924828325,8407310884]],[[14248084653,44904154637],[-6292193093,6876102609]],[[1354938491,85451588962],[264631766,11448348403],[6071015551,3100062634],[3788389677,-3687272515]],[[420251316,57109229991],[-420251316,11940955376]],[[6947667090,65705599899],[880759565,-3479652037]],[[99999999999,9860065857],[-5045968284,-4128562061]],[[94954031715,5731503796],[-248903443,4375267413]],[[92989345446,16977164313],[-10944073051,1251035663]],[[82045272395,18228199976],[9795349792,4799933508]],[[91840622187,23028133484],[1148723259,-6050969171]],[[41016548226,0],[-10941240851,6019922307],[-964806935,5247915765]],[[11535279040,80877537289],[-1073420782,-5098186538],[4713604013,-12223484040]],[[94262931676,14585439517],[-1273586230,2391724796]],[[91840622187,23028133484],[1092189988,6010542982]],[[94954031715,5731503796],[-12908759320,12496696180]]],"transform":{"scale":[1.2659527577934759e-11,1.0144979908700782e-11],"translate":[43.258602816871274,-12.380337990859935]},"objects":{"COM":{"type":"GeometryCollection","geometries":[{"arcs":[[0,1,2]],"type":"Polygon","properties":{"name":"Djando","shapeID":"10938185B42418571168375","shapeGroup":"COM","shapeType":"ADM2"}},{"arcs":[[3,4,5,6]],"type":"Polygon","properties":{"name":"Domoni","shapeID":"10938185B41806506469500","shapeGroup":"COM","shapeType":"ADM2"}},{"arcs":[[-2,7,8]],"type":"Polygon","properties":{"name":"Fomboni","shapeID":"10938185B23268545061954","shapeGroup":"COM","shapeType":"ADM2"}},{"arcs":[[9,10,11,12]],"type":"Polygon","properties":{"name":"Hamahamet-Mboinkou","shapeID":"10938185B70444296254874","shapeGroup":"COM","shapeType":"ADM2"}},{"arcs":[[13,14,15,16]],"type":"Polygon","properties":{"name":"Hambou","shapeID":"10938185B8813398551192","shapeGroup":"COM","shapeType":"ADM2"}},{"arcs":[[-11,17,18,19,20]],"type":"Polygon","properties":{"name":"Itsandra-Hamanvou","shapeID":"10938185B82482804134728","shapeGroup":"COM","shapeType":"ADM2"}},{"arcs":[[-17,21,22,23,24]],"type":"Polygon","properties":{"name":"Kartala","shapeID":"10938185B58200193875213","shapeGroup":"COM","shapeType":"ADM2"}},{"arcs":[[-24,25,26,27]],"type":"Polygon","properties":{"name":"Mbadjini Est","shapeID":"10938185B84550121750878","shapeGroup":"COM","shapeType":"ADM2"}},{"arcs":[[-14,-25,-28,28]],"type":"Polygon","properties":{"name":"Mbadjini Ouest","shapeID":"10938185B5285365051467","shapeGroup":"COM","shapeType":"ADM2"}},{"arcs":[[-12,-21,29]],"type":"Polygon","properties":{"name":"Mitsamiouli-Mboudé","shapeID":"10938185B67203865227918","shapeGroup":"COM","shapeType":"ADM2"}},{"arcs":[[-16,30,-19,31,-22]],"type":"Polygon","properties":{"name":"Moroni-Bambao","shapeID":"10938185B83767222062315","shapeGroup":"COM","shapeType":"ADM2"}},{"arcs":[[-4,32,33]],"type":"Polygon","properties":{"name":"Mrémani","shapeID":"10938185B83207987774368","shapeGroup":"COM","shapeType":"ADM2"}},{"arcs":[[34,35,36]],"type":"Polygon","properties":{"name":"Mutsamudu","shapeID":"10938185B74704582538531","shapeGroup":"COM","shapeType":"ADM2"}},{"arcs":[[-1,37,-8]],"type":"Polygon","properties":{"name":"Nioumachioi","shapeID":"10938185B46959303700006","shapeGroup":"COM","shapeType":"ADM2"}},{"arcs":[[-10,38,-26,-23,-32,-18]],"type":"Polygon","properties":{"name":"Oichili-Dimani","shapeID":"10938185B16841428111903","shapeGroup":"COM","shapeType":"ADM2"}},{"arcs":[[-6,39,-37,40]],"type":"Polygon","properties":{"name":"Ouani","shapeID":"10938185B16418977449415","shapeGroup":"COM","shapeType":"ADM2"}},{"arcs":[[-5,-34,41,-35,-40]],"type":"Polygon","properties":{"name":"Sima","shapeID":"10938185B89113061759376","shapeGroup":"COM","shapeType":"ADM2"}}]}}}