{"type":"Topology","arcs":[[[65692690570,15883876968],[-1401050788,-7573241214]],[[64291639782,8310635754],[-3498018251,10303593967],[-6894644667,6795987511]],[[53898976864,25410217232],[2262881371,10695542417]],[[56161858235,36105759649],[8512305282,4338005713]],[[64674163517,40443765362],[2262881371,-16999933568],[-1244354318,-7559954826]],[[53898976864,25410217232],[-147479031,5274696074],[589916122,1561150601],[1820444280,3859695742]],[[79435892708,2265329170],[-18434879,15684581147],[2046271546,12814721318]],[[81463729375,30764631635],[7272559683,-4856174849],[640612038,-724108151],[636003318,-7878828141],[6691861001,-4318076131],[3295234584,-5394273567],[-788091068,-7593170796],[-14923034381,651033017],[-4852981842,1614296153]],[[41469259839,44888062180],[-2848188773,6251245599],[-5129505023,18036271839]],[[33491566043,69175579618],[2673057424,12894439646],[4401327311,-33215970]],[[40565950778,82036803294],[4267674440,-19105826081],[-3977325099,-13425895170],[612959720,-4617019863]],[[65692690570,15883876968],[-124435432,-8078123962]],[[65568255138,7805753006],[-1276615356,504882748]],[[33491566043,69175579618],[-2401142963,611173852]],[[31090423080,69786753470],[-1520877500,345446091]],[[29569545580,70132199561],[-1875748917,418521225]],[[27693796663,70550720786],[3373582819,29449279213]],[[31067379482,99999999999],[3350539220,-1209061317],[6148032076,-16754135388]],[[27693796663,70550720786],[-11434233570,1335282003]],[[16259563093,71886002789],[-3889759425,3892911712]],[[12369803668,75778914501],[212001107,14900684249]],[[12581804775,90679598750],[10143792054,6563475719],[8341782653,2756925530]],[[41469259839,44888062180],[-3009493962,-2796784694],[-3954281501,6377466286]],[[34505484376,48468743772],[-3415061296,21318009698]],[[29569545580,70132199561],[2516360955,-24400451737]],[[32085906535,45731747824],[-14217900267,-3640470338],[-5521246198,16760778582]],[[12346760070,58852056068],[3912803023,13033946721]],[[34505484376,48468743772],[-2419577841,-2736995948]],[[12346760070,58852056068],[-5493593880,13027303527]],[[6853166190,71879359595],[2106184902,7486879692],[3410452576,-3587324786]],[[64674163517,40443765362],[2829753894,1195774929],[1543921099,-99647911],[12415890865,-10775260745]],[[79435892708,2265329170],[-3133929394,-1966385438],[-4995852152,9346974025],[-5737856024,-1840164751]],[[6853166190,71879359595],[-6853166190,12243406630],[4000368698,4324719325],[8581436077,2232113200]]],"transform":{"scale":[1.3397941651968323e-11,5.962434246892282e-12],"translate":[-172.78698242207096,-14.045284881632528]},"objects":{"WSM":{"type":"GeometryCollection","geometries":[{"arcs":[[0,1,2,3,4]],"type":"Polygon","properties":{"name":"A'ana","Level":"ADM1","shapeID":"WSM-ADM1-40696546B568151","shapeGroup":"WSM","shapeType":"ADM1"}},{"arcs":[[-3,5]],"type":"Polygon","properties":{"name":"Aiga-i-le-Tai","Level":"ADM1","shapeID":"WSM-ADM1-40696546B30070787","shapeGroup":"WSM","shapeType":"ADM1"}},{"arcs":[[6,7]],"type":"Polygon","properties":{"name":"Atua","Level":"ADM1","shapeID":"WSM-ADM1-40696546B41781197","shapeGroup":"WSM","shapeType":"ADM1"}},{"arcs":[[8,9,10]],"type":"Polygon","properties":{"name":"Fa'asaleleage","Level":"ADM1","shapeID":"WSM-ADM1-40696546B91323371","shapeGroup":"WSM","shapeType":"ADM1"}},{"arcs":[[[-1,11,12]],[[-10,13,14,15,16,17]]],"type":"MultiPolygon","properties":{"name":"Gaga'emauga","Level":"ADM1","shapeID":"WSM-ADM1-40696546B44515204","shapeGroup":"WSM","shapeType":"ADM1"}},{"arcs":[[-17,18,19,20,21]],"type":"Polygon","properties":{"name":"Gaga'ifomauga","Level":"ADM1","shapeID":"WSM-ADM1-40696546B48388885","shapeGroup":"WSM","shapeType":"ADM1"}},{"arcs":[[[-9,22,23,-14]],[[-16,24,25,26,-19]]],"type":"MultiPolygon","properties":{"name":"Palauli","Level":"ADM1","shapeID":"WSM-ADM1-40696546B22381772","shapeGroup":"WSM","shapeType":"ADM1"}},{"arcs":[[[-15,-24,27,-25]],[[-20,-27,28,29]]],"type":"MultiPolygon","properties":{"name":"Satupa'itea","Level":"ADM1","shapeID":"WSM-ADM1-40696546B90588116","shapeGroup":"WSM","shapeType":"ADM1"}},{"arcs":[[-5,30,-7,31,-12]],"type":"Polygon","properties":{"name":"Tuamasaga","Level":"ADM1","shapeID":"WSM-ADM1-40696546B95868609","shapeGroup":"WSM","shapeType":"ADM1"}},{"arcs":[[-21,-30,32]],"type":"Polygon","properties":{"name":"Vaisigano","Level":"ADM1","shapeID":"WSM-ADM1-40696546B87181747","shapeGroup":"WSM","shapeType":"ADM1"}}]}}}