{"type":"Topology","arcs":[[[42381250434,0],[-2580151610,3916048119]],[[39801098824,3916048119],[4534390431,1855643716]],[[44335489255,5771691835],[-1954238821,-5771691835]],[[99999999999,9860506783],[-5167257806,243153314]],[[94832742193,10103660097],[-438138953,4479140005]],[[94394603240,14582800102],[3122609361,4069618633],[-4416162459,10385206041]],[[93101050142,29037624776],[6398219625,-10110058869],[500730232,-9067059124]],[[39801098824,3916048119],[-9054871688,7352188379]],[[30746227136,11268236498],[8185548370,-505502943],[5403713749,-4991041720]],[[13582307532,80880470949],[-4652618402,44791400]],[[8929689130,80925262349],[208637596,4991041720]],[[9138326726,85916304069],[4388344113,10398003583]],[[13526670839,96314307652],[55636693,-15433836703]],[[10383197719,59284617353],[-299047222,-7505758894]],[[10084150497,51778858459],[-7364907156,5330176606]],[[2719243341,57109035065],[7184087906,3154594318]],[[9903331247,60263629383],[479866472,-979012030]],[[8929689130,80925262349],[166910077,-15216278475]],[[9096599207,65708983874],[-6787676472,3340158690]],[[2308922735,69049142564],[1328326031,16406449961]],[[3637248766,85455592525],[5501077960,460711544]],[[9903331247,60263629383],[55636692,1964422830]],[[9958967939,62228052213],[681549482,-569490657]],[[10640517421,61658561556],[751095348,-1388533402]],[[11391612769,60270028154],[-1008415050,-985410801]],[[10640517421,61658561556],[6495583838,1900435116]],[[17136101259,63558996672],[4847346825,-16054517532],[-5751443077,-2597901203]],[[16232005007,44906577937],[-27818346,6955464550],[-4812573892,8407985667]],[[16232005007,44906577937],[-6147854510,6872280522]],[[3637248766,85455592525],[257319702,11447402099],[5925307740,3097005375],[3706794631,-3685692347]],[[2719243341,57109035065],[-2719243341,6379575121],[2308922735,5560532378]],[[9096599207,65708983874],[862368732,-3480931661]],[[99999999999,9860506783],[-4923847277,-4127207577]],[[95076152722,5733299206],[-243410529,4370360891]],[[93156686834,16975940619],[-10696154113,1247760430]],[[82460532721,18223701049],[9569511092,4805477349]],[[92030043813,23029178398],[1126643021,-6053237779]],[[42381250434,0],[-10689199527,6014845150],[-945823771,5253391348]],[[13582307532,80880470949],[-1050142569,-5099820835],[4603936296,-12221653442]],[[94394603240,14582800102],[-1237916406,2393140517]],[[92030043813,23029178398],[1071006329,6008446378]],[[95076152722,5733299206],[-12615620001,12490401843]]],"transform":{"scale":[1.2958662227112524e-11,1.0144753624056885e-11],"translate":[43.228660642335626,-12.38033044295949]},"objects":{"COM":{"type":"GeometryCollection","geometries":[{"arcs":[[0,1,2]],"type":"Polygon","properties":{"name":"Djando","Level":"ADM2","shapeID":"COM-ADM2-10938185B79711407","shapeGroup":"COM","shapeType":"ADM2"}},{"arcs":[[3,4,5,6]],"type":"Polygon","properties":{"name":"Domoni","Level":"ADM2","shapeID":"COM-ADM2-10938185B3288802","shapeGroup":"COM","shapeType":"ADM2"}},{"arcs":[[-2,7,8]],"type":"Polygon","properties":{"name":"Fomboni","Level":"ADM2","shapeID":"COM-ADM2-10938185B93603221","shapeGroup":"COM","shapeType":"ADM2"}},{"arcs":[[9,10,11,12]],"type":"Polygon","properties":{"name":"Hamahamet-Mboinkou","Level":"ADM2","shapeID":"COM-ADM2-10938185B97913667","shapeGroup":"COM","shapeType":"ADM2"}},{"arcs":[[13,14,15,16]],"type":"Polygon","properties":{"name":"Hambou","Level":"ADM2","shapeID":"COM-ADM2-10938185B67804410","shapeGroup":"COM","shapeType":"ADM2"}},{"arcs":[[-11,17,18,19,20]],"type":"Polygon","properties":{"name":"Itsandra-Hamanvou","Level":"ADM2","shapeID":"COM-ADM2-10938185B35971745","shapeGroup":"COM","shapeType":"ADM2"}},{"arcs":[[-17,21,22,23,24]],"type":"Polygon","properties":{"name":"Kartala","Level":"ADM2","shapeID":"COM-ADM2-10938185B99940182","shapeGroup":"COM","shapeType":"ADM2"}},{"arcs":[[-24,25,26,27]],"type":"Polygon","properties":{"name":"Mbadjini Est","Level":"ADM2","shapeID":"COM-ADM2-10938185B33357808","shapeGroup":"COM","shapeType":"ADM2"}},{"arcs":[[-14,-25,-28,28]],"type":"Polygon","properties":{"name":"Mbadjini Ouest","Level":"ADM2","shapeID":"COM-ADM2-10938185B89166465","shapeGroup":"COM","shapeType":"ADM2"}},{"arcs":[[-12,-21,29]],"type":"Polygon","properties":{"name":"Mitsamiouli-Mboudé","Level":"ADM2","shapeID":"COM-ADM2-10938185B88971472","shapeGroup":"COM","shapeType":"ADM2"}},{"arcs":[[-16,30,-19,31,-22]],"type":"Polygon","properties":{"name":"Moroni-Bambao","Level":"ADM2","shapeID":"COM-ADM2-10938185B47903064","shapeGroup":"COM","shapeType":"ADM2"}},{"arcs":[[-4,32,33]],"type":"Polygon","properties":{"name":"Mrémani","Level":"ADM2","shapeID":"COM-ADM2-10938185B12434416","shapeGroup":"COM","shapeType":"ADM2"}},{"arcs":[[34,35,36]],"type":"Polygon","properties":{"name":"Mutsamudu","Level":"ADM2","shapeID":"COM-ADM2-10938185B85133163","shapeGroup":"COM","shapeType":"ADM2"}},{"arcs":[[-1,37,-8]],"type":"Polygon","properties":{"name":"Nioumachioi","Level":"ADM2","shapeID":"COM-ADM2-10938185B8933573","shapeGroup":"COM","shapeType":"ADM2"}},{"arcs":[[-10,38,-26,-23,-32,-18]],"type":"Polygon","properties":{"name":"Oichili-Dimani","Level":"ADM2","shapeID":"COM-ADM2-10938185B15371155","shapeGroup":"COM","shapeType":"ADM2"}},{"arcs":[[-6,39,-37,40]],"type":"Polygon","properties":{"name":"Ouani","Level":"ADM2","shapeID":"COM-ADM2-10938185B79644799","shapeGroup":"COM","shapeType":"ADM2"}},{"arcs":[[-5,-34,41,-35,-40]],"type":"Polygon","properties":{"name":"Sima","Level":"ADM2","shapeID":"COM-ADM2-10938185B66868074","shapeGroup":"COM","shapeType":"ADM2"}}]}}}